Mobile_Number,Employee_id
3939455822,27
6058727254,56
1513073518,37
2719146997,5
2772207391,82
4203582387,80
5349178687,55
3511980795,8
4509296823,16
1269960399,100
2866411480,36
7914818490,70
1461319535,13
5652440252,58
6716569349,85
8042715899,65
4864604587,100
2767279555,33
4292420484,21
3738966106,75
7162658521,65
8967662794,96
8431668798,60
4982883543,55
5262236050,77
5169577865,45
9329499435,41
2968152817,93
6474566112,70
2531900319,35
7027597279,54
3374691795,98
6504910157,20
2237335093,100
8066533291,91
7819083483,2
8015831796,75
9395799087,44
8358631006,5
7107603914,90
6394064611,56
7508372209,19
8379720210,7
4543789322,40
1215992688,60
2836823493,68
8059448571,36
2228479669,71
5103451731,22
7627399330,60
2277484787,84
7857111635,44
6921664128,18
8672527440,34
6964281315,60
7803432984,90
5183828143,99
1487013259,24
8568836385,94
7698289916,5
6059614587,82
1038147511,34
4993952557,47
7824712658,37
7744858219,15
2613367893,49
7593250624,77
5154917886,22
1186291191,13
1724607509,48
3096374590,4
9771150295,94
5976944624,94
9187561267,74
5496801456,33
1136168812,60
6791167250,98
4235327476,18
2709670580,91
9282093513,90
8576711920,90
7616010916,8
5615072881,46
7875595345,15
3292358814,65
2117347438,97
9128599710,81
2701638427,80
5052121830,57
6344751608,35
8355925155,3
3806380642,81
3307637119,63
5288198172,29
1338906572,46
4177134761,9
6538458133,100
8594690438,48
9208937023,10
9499018366,48
7012802014,70
5297511741,27
2259037131,41
8841427765,84
6058498509,53
3396667279,28
3736889657,57
7688179535,88
7274308969,79
5885569636,96
9203088906,50
3815350437,48
9323240898,1
9396303213,76
7958992848,97
5489558230,31
8502651640,99
9624746675,3
2894044805,20
6497371608,25
4599338169,6
9322839729,13
8415789226,45
1335281593,88
6385469842,80
7342418270,92
4363051693,98
2632165665,27
1409443383,53
7168538959,55
1458364557,72
6137196916,29
6783977478,1
2102468267,51
7439854040,43
9959148954,83
7753276846,97
9171361662,24
3186728676,34
9656826700,79
7033582606,39
6172322771,81
5695279556,33
8658632415,58
4954505684,3
2478488510,11
3984603508,14
2496868362,10
6535570045,69
4915881615,69
5837678237,21
6128265530,20
9627296877,97
1952654099,51
1483865317,67
9782074290,10
3231621293,62
8947305216,43
4052084116,80
9296820638,62
4106046076,9
5278838449,60
3374856944,81
2945609690,5
3808551787,55
6697598084,44
3152111478,14
1585048712,44
7371315951,69
3171017616,31
8611925872,6
7268580399,35
7212659582,57
5809674572,92
1156693759,60
